{
  "total_sequences": 92585,
  "min": 99,
  "max": 7002,
  "mean": 1157.2168493816494,
  "std": 784.4186387399699,
  "p50": 919,
  "p90": 2319,
  "p95": 2768,
  "p99": 3538,
  "pct_above_2048": 14.223686342280068
}