{
  "sp": {
    "a": 0.008185360705850186,
    "alpha": 1.945644635495551,
    "c": 3.201703881698393,
    "a_err": 0.0,
    "alpha_err": 0.0,
    "c_err": 0.6048586498133671,
    "r_squared": -1.7763568394002505e-15,
    "label": "SP"
  },
  "mup": {
    "a": 15.03872708129565,
    "alpha": 0.11267484550323714,
    "c": 9.797647818065237e-16,
    "a_err": 34.308534657879584,
    "alpha_err": 0.31911634136276784,
    "c_err": 6.935465728515936,
    "r_squared": 0.9351650277496727,
    "label": "\u00b5P"
  }
}