{
  "sp": {
    "a": 1.0735166086842955,
    "alpha": 1.7587558514888708,
    "c": 0.8519697623208629,
    "a_err": 0.0,
    "alpha_err": 0.0,
    "c_err": 0.37534238364497385,
    "r_squared": -1.2207346244963446e-11,
    "label": "SP",
    "pcov": [
      [
        0.0,
        0.0,
        0.0
      ],
      [
        0.0,
        0.0,
        0.0
      ],
      [
        -0.0,
        -0.0,
        0.14088190496029074
      ]
    ]
  },
  "mup": {
    "a": 0.8511701592233615,
    "alpha": 0.042681904127588544,
    "c": 5.885099907826068e-06,
    "a_err": 4.349934589378914,
    "alpha_err": 0.7151342052423619,
    "c_err": 7.100305911663634,
    "r_squared": 0.7644336195013408,
    "label": "\u00b5P",
    "pcov": [
      [
        18.921930931875103,
        -3.1015852791528085,
        -30.841686514158475
      ],
      [
        -3.1015852791528085,
        0.5114169315076246,
        5.076269350388642
      ],
      [
        -30.841686514158475,
        5.076269350388642,
        50.414344039205545
      ]
    ]
  },
  "extrapolation": {
    "mup": {
      "target_n": 912453120.0,
      "predicted_loss": 0.3528456640968406,
      "ci_lower": 0.15861595692560765,
      "ci_upper": 0.5470753712680736
    },
    "sp": {
      "target_n": 880995840.0,
      "predicted_loss": 0.8519697623208631,
      "ci_lower": 0.11629869037671436,
      "ci_upper": 1.5876408342650117
    }
  }
}