{
  "sp": {
    "a": 6.579347743254328,
    "alpha": 1.049605314771856,
    "c": 2.865374399957886,
    "a_err": 166804609.1310847,
    "alpha_err": 1804260.4669601587,
    "c_err": 1.2938055813486398,
    "r_squared": 2.880431360097191e-08,
    "label": "SP"
  },
  "mup": {
    "a": 15.03872708129565,
    "alpha": 0.11267484550323714,
    "c": 9.797647818065237e-16,
    "a_err": 34.308534657879584,
    "alpha_err": 0.31911634136276784,
    "c_err": 6.935465728515936,
    "r_squared": 0.9351650277496727,
    "label": "\u00b5P"
  }
}